Term,Status,Section,Title,Dates,Location,InstructionalMethods,Meetings,Instructors,Availability,Credits,Comments
Spring 2026,Open,ENES-100-001,Intro to Engineering Design,1/26/2026-5/16/2026,Main Campus,"Lecture

Recitation

Lab","M 9:00-10:50 AM
1/26/2026 - 5/16/2026
TCH 165 (LEC)
Th 5:00-5:50 PM
1/26/2026 - 5/16/2026
TCH 101 (RCT)
W 9:00-10:50 AM
1/26/2026 - 5/16/2026
TCH 165 (LAB)",Mr. Kevin D. Johnson,2 / 18 / 0,3.00000 Credits,
Spring 2026,Open,ENES-100-002,Intro to Engineering Design,1/26/2026-5/16/2026,Main Campus,"Lecture

Recitation

Lab","M 11:00 AM-12:50 PM
1/26/2026 - 5/16/2026
TCH 165 (LEC)
Th 5:00-5:50 PM
1/26/2026 - 5/16/2026
TCH 101 (RCT)
W 11:00 AM-12:50 PM
1/26/2026 - 5/16/2026
TCH 165 (LAB)",Mr. Kevin D. Johnson,1 / 18 / 0,3.00000 Credits,
Spring 2026,Open,ENES-100-003,Intro to Engineering Design,1/26/2026-5/16/2026,Main Campus,"Lecture

Recitation

Lab","T 9:00-10:50 AM
1/26/2026 - 5/16/2026
TCH 165 (LEC)
Th 5:00-5:50 PM
1/26/2026 - 5/16/2026
TCH 101 (RCT)
Th 9:00-10:50 AM
1/26/2026 - 5/16/2026
TCH 165 (LAB)","Dr. Stefan Cular
Dr. Ghazanfer Bozai",5 / 18 / 0,3.00000 Credits,
Spring 2026,Open,ENES-120-001,Statics,1/26/2026-5/16/2026,Main Campus,"Lecture

Recitation","T 5:00-6:50 PM
1/26/2026 - 5/16/2026
TCH 111 (LEC)
T 7:00-8:50 PM
1/26/2026 - 5/16/2026
TCH 111 (RCT)",Mr. Walid Halboni,16 / 24 / 0,3.00000 Credits,
Spring 2026,Open,ENES-130-001,Dynamics,1/26/2026-5/16/2026,Main Campus,"Lecture

Recitation","M 6:00-7:50 PM
1/26/2026 - 5/16/2026
TCH 111 (LEC)
W 6:00-7:50 PM
1/26/2026 - 5/16/2026
TCH 111 (RCT)",Dr. Zhaoxing Xie,14 / 24 / 0,3.00000 Credits,
Spring 2026,Open,ENES-140-001,Mechanics of Materials,1/26/2026-5/16/2026,Main Campus,"Lecture

Recitation","T 1:00-2:50 PM
1/26/2026 - 5/16/2026
TCH 205 (LEC)
Th 1:00-2:50 PM
1/26/2026 - 5/16/2026
TCH 205 (RCT)",Mr. Christopher J. Hallock,9 / 24 / 0,3.00000 Credits,
Spring 2026,Open,ENES-181-001,Thermodynamics,1/26/2026-5/16/2026,Main Campus,"Lecture

Recitation","M 3:30-5:20 PM
1/26/2026 - 5/16/2026
TCH 303 (LEC)
W 3:30-5:20 PM
1/26/2026 - 5/16/2026
TCH 303 (RCT)",Carlos R. Barajas,13 / 24 / 0,3.00000 Credits,
Spring 2026,Open,ENES-205-001,Electric Circuits,1/26/2026-5/16/2026,Main Campus,"Lecture

Lab","M 1:00-3:50 PM
1/26/2026 - 5/16/2026
TCH 253 (LEC)
W 1:00-3:50 PM
1/26/2026 - 5/16/2026
TCH 253 (LAB)",Dr. Stefan Cular,6 / 16 / 0,4.00000 Credits,
Spring 2026,Open,ENES-247-001,Digital Circuits & Systems Lab,1/26/2026-5/16/2026,Main Campus,Lab,"Th 1:00-4:00 PM
1/26/2026 - 5/16/2026
TCH 253 (LAB)",Dr. Stefan Cular,23 / 24 / 0,1.00000 Credits,
Spring 2026,Open,ENES-250-001,Intro to Life Safety Analysis,1/26/2026-5/16/2026,Main Campus,Lecture,"T, Th 5:30-6:50 PM
1/26/2026 - 5/16/2026
TCH 303 (LEC)",Mr. Christopher J. Hallock,23 / 24 / 0,3.00000 Credits,
Spring 2026,Open,MATH-027-600,Concepts of Math Support,1/26/2026-5/16/2026,Main Campus,"Hybrid 50 (Online)/50 (F2F)
                            
                                Hybrid 50 (Online)/50 (F2F)","M 5:00-5:50 PM
                        
                            1/26/2026 - 5/16/2026
                        
                            KC 104 (HYB)
                        
                            
                        
                            W 5:00-5:50 PM
                        
                            1/26/2026 - 5/16/2026
                        
                            WEB CANVAS (HYB)",Mr. Eric Granahan,5 / 11 / 0,2.00000 Credits,...
Spring 2026,Open,MATH-032-L001,Math Literacy Support,1/26/2026-5/16/2026,Main Campus,Lecture,"M, W 9:30-10:20 AM
                        
                            1/26/2026 - 5/16/2026
                        
                            KC 108 (LEC)",Ms. Mona Kamal,4 / 18 / 0,2.00000 Credits,...
Spring 2026,Open,MATH-032-L003,Math Literacy Support,1/26/2026-5/16/2026,Main Campus,Lecture,"M, W 12:30-1:20 PM
                        
                            1/26/2026 - 5/16/2026
                        
                            KC 113 (LEC)",Ms. Mary Ellen D. Henderson,4 / 18 / 0,2.00000 Credits,...
Spring 2026,Open,MATH-032-L005,Math Literacy Support,1/26/2026-5/16/2026,Main Campus,Lecture,"T, Th 5:30-6:20 PM
                        
                            1/26/2026 - 5/16/2026
                        
                            KC 113 (LEC)",Mr. Kelvin Woods,2 / 18 / 0,2.00000 Credits,...
Spring 2026,Open,MATH-038-L002,Statistics Support,1/26/2026-5/16/2026,Main Campus,Lecture,"T, Th 12:00-12:50 PM
                        
                            1/26/2026 - 5/16/2026
                        
                            KC 211 (LEC)",Ms. Amy S. Curran,4 / 18 / 0,2.00000 Credits,...
Spring 2026,Closed,MATH-038-L004,Statistics Support,1/26/2026-5/16/2026,Main Campus,Lecture,"T, Th 11:00-11:50 AM
                        
                            1/26/2026 - 5/16/2026
                        
                            KC 108 (LEC)",Ms. Greta R. Holtackers Cannon,0 / 18 / 0,2.00000 Credits,...
Spring 2026,Open,MATH-038-L005,Statistics Support,1/26/2026-5/16/2026,Main Campus,Lecture,"T, Th 11:00-11:50 AM
                        
                            1/26/2026 - 5/16/2026
                        
                            KC 117 (LEC)",Dr. Jamshaid A. Shahir,2 / 18 / 0,2.00000 Credits,...
Spring 2026,Open,MATH-038-L007,Statistics Support,1/26/2026-5/16/2026,Main Campus,Lecture,"T, Th 12:00-12:50 PM
                        
                            1/26/2026 - 5/16/2026
                        
                            KC 108 (LEC)",Ms. Allison R. Bell,1 / 18 / 0,2.00000 Credits,...
Spring 2026,Open,MATH-038-L010,Statistics Support,1/26/2026-5/16/2026,Main Campus,Lecture,"T, Th 3:00-3:50 PM
                        
                            1/26/2026 - 5/16/2026
                        
                            KC 108 (LEC)","Mr. Louis W. Fritz, V",1 / 18 / 0,2.00000 Credits,...
Spring 2026,Closed,MATH-038-L013,Statistics Support,1/26/2026-5/16/2026,Main Campus,Lecture,"T, Th 8:00-8:50 PM
                        
                            1/26/2026 - 5/16/2026
                        
                            KC 111 (LEC)",Mr. Scott W. Austin,0 / 18 / 0,2.00000 Credits,...
Spring 2026,Open,MATH-038-L014,Statistics Support,1/26/2026-5/16/2026,Main Campus,Lecture,"M, W 8:00-8:50 PM
                        
                            1/26/2026 - 5/16/2026
                        
                            KC 108 (LEC)",Mr. Darin J. Segal,1 / 18 / 0,2.00000 Credits,...
Spring 2026,Closed,MATH-041-L002,College Algebra Support,1/26/2026-5/16/2026,Main Campus,Lecture,"M, W 11:00-11:50 AM
                        
                            1/26/2026 - 5/16/2026
                        
                            KC 112 (LEC)",Mr. Michael O. Nyagol,0 / 18 / 0,2.00000 Credits,...
Spring 2026,Open,MATH-041-L003,College Algebra Support,1/26/2026-5/16/2026,Main Campus,Lecture,"M, W 12:00-12:50 PM
                        
                            1/26/2026 - 5/16/2026
                        
                            KC 117 (LEC)",Mr. Lamont D. Vaughan,1 / 18 / 0,2.00000 Credits,...
Spring 2026,Open,MATH-041-L004,College Algebra Support,1/26/2026-5/16/2026,Main Campus,Lecture,"M, W 3:00-3:50 PM
                        
                            1/26/2026 - 5/16/2026
                        
                            KC 108 (LEC)",Ms. Cristina M. Linsenmeyer,1 / 18 / 0,2.00000 Credits,...
Spring 2026,Open,MATH-041-L005,College Algebra Support,1/26/2026-5/16/2026,Main Campus,Lecture,"T, Th 6:00-6:50 PM
                        
                            1/26/2026 - 5/16/2026
                        
                            KC 117 (LEC)",Mr. Eugene Rose,2 / 18 / 0,2.00000 Credits,...
Spring 2026,Closed,MATH-041-L006,College Alg Support,1/26/2026-5/16/2026,Main Campus,Lecture,"M, W 12:00-12:50 PM
                        
                            1/26/2026 - 5/16/2026
                        
                            KC 108 (LEC)",Ms. Cristina M. Linsenmeyer,0 / 18 / 0,2.00000 Credits,...
Spring 2026,Open,MATH-061-101,Basic Algebra & Geometry,1/26/2026-3/14/2026,Main Campus,Emporium,"M, T, W, Th 10:00-11:50 AM
                        
                            1/26/2026 - 3/14/2026
                        
                            KC 102 (EMP)",Ms. Allison R. Bell,3 / 28 / 0,4.00000 Credits,...
Spring 2026,Open,MATH-061-103,Basic Algebra & Geometry,1/26/2026-3/14/2026,Main Campus,Emporium,"M, T, W, Th 12:00-1:50 PM
                        
                            1/26/2026 - 3/14/2026
                        
                            KC 102 (EMP)",Dr. Kristy Vernille Blocklin,6 / 28 / 0,4.00000 Credits,...
Spring 2026,Open,MATH-061-105,Basic Algebra & Geometry,1/26/2026-3/14/2026,Main Campus,Emporium,"M, T, W, Th 2:00-3:50 PM
                        
                            1/26/2026 - 3/14/2026
                        
                            KC 102 (EMP)",Ms. Sunithi Khanna,3 / 28 / 0,4.00000 Credits,...
Spring 2026,Open,MATH-061-106,Basic Algebra & Geometry,1/26/2026-3/14/2026,Main Campus,Emporium,"M, T, W, Th 6:00-7:50 PM
                        
                            1/26/2026 - 3/14/2026
                        
                            KC 102 (EMP)",Mr. Darin J. Segal,2 / 28 / 0,4.00000 Credits,...
Spring 2026,Open,MATH-061-201,Basic Algebra & Geometry,3/23/2026-5/16/2026,Main Campus,Emporium,"M, T, W, Th 10:00-11:50 AM
                        
                            3/23/2026 - 5/16/2026
                        
                            KC 102 (EMP)",Ms. Allison R. Bell,5 / 28 / 0,4.00000 Credits,...
Spring 2026,Open,MATH-061-203,Basic Algebra & Geometry,3/23/2026-5/16/2026,Main Campus,Emporium,"M, T, W, Th 12:00-1:50 PM
                        
                            3/23/2026 - 5/16/2026
                        
                            KC 102 (EMP)",Dr. Kristy Vernille Blocklin,3 / 28 / 0,4.00000 Credits,...
Spring 2026,Open,MATH-061-205,Basic Algebra & Geometry,3/23/2026-5/16/2026,Main Campus,Emporium,"M, T, W, Th 2:00-3:50 PM
                        
                            3/23/2026 - 5/16/2026
                        
                            KC 102 (EMP)",Ms. Sunithi Khanna,8 / 28 / 0,4.00000 Credits,...
Spring 2026,Open,MATH-061-206,Basic Algebra & Geometry,3/23/2026-5/16/2026,Main Campus,Emporium,"M, T, W, Th 6:00-7:50 PM
                        
                            3/23/2026 - 5/16/2026
                        
                            KC 102 (EMP)",Mr. Darin J. Segal,6 / 28 / 0,4.00000 Credits,...
Spring 2026,Open,MATH-073-L002,Intermediate Algebra Support,1/26/2026-5/16/2026,Main Campus,Lecture,"M, W 9:30-10:20 AM
                        
                            1/26/2026 - 5/16/2026
                        
                            KC 203 (LEC)",Dr. Kristy Vernille Blocklin,4 / 18 / 0,2.00000 Credits,...
Spring 2026,Open,MATH-073-L004,Intermediate Algebra Support,1/26/2026-5/16/2026,Main Campus,Lecture,"M, W 11:00-11:50 AM
                        
                            1/26/2026 - 5/16/2026
                        
                            KC 203 (LEC)",Dr. Kristy Vernille Blocklin,2 / 18 / 0,2.00000 Credits,...
Spring 2026,Open,MATH-073-L006,Intermediate Algebra Support,1/26/2026-5/16/2026,Main Campus,Lecture,"M, W 12:30-1:20 PM
                        
                            1/26/2026 - 5/16/2026
                        
                            KC 204 (LEC)",Ms. Jean M. Ragin,1 / 18 / 0,2.00000 Credits,...
Spring 2026,Open,MATH-073-L010,Intermediate Algebra Support,1/26/2026-5/16/2026,Main Campus,Lecture,"T, Th 5:30-6:20 PM
                        
                            1/26/2026 - 5/16/2026
                        
                            KC 112 (LEC)",Ms. Bita Parniani,2 / 18 / 0,2.00000 Credits,...
Spring 2026,Open,MATH-127-001,Concepts of Math. I,1/26/2026-5/16/2026,Main Campus,Lecture,"M, W 10:00-11:50 AM
                        
                            1/26/2026 - 5/16/2026
                        
                            KC 335 (LEC)",Ms. Kaitlyn E. Butler,8 / 24 / 0,4.00000 Credits,...
Spring 2026,Open,MATH-128-300,Concepts of Math II,1/26/2026-5/16/2026,Scheduled Zoom,Online Hybrid,"T 7:30-9:20 PM
                        
                            1/26/2026 - 5/16/2026
                        
                            WEB CANVAS (OLHY)",Mr. Eric Granahan,4 / 24 / 0,4.00000 Credits,"This is a hybri
                                 ... 
                                
                                more"
Spring 2026,Open,MATH-129-300,Concepts of Math III,1/26/2026-5/16/2026,Scheduled Zoom,Online,"M, W 6:30-8:20 PM
                        
                            1/26/2026 - 5/16/2026
                        
                            WEB CANVAS (ONL)",Mr. Eric Granahan,14 / 24 / 0,4.00000 Credits,"This is an onli
                                 ... 
                                
                                more"
Spring 2026,Open,MATH-132-003,Mathematical Literacy,1/26/2026-5/16/2026,Main Campus,Lecture,"M, W 11:00 AM-12:15 PM
                        
                            1/26/2026 - 5/16/2026
                        
                            KC 113 (LEC)",Ms. Ann M. Ventre,10 / 24 / 0,3.00000 Credits,...
Spring 2026,Open,MATH-132-300,Mathematical Literacy,1/26/2026-5/16/2026,Scheduled Zoom,Online,"M, W 6:00-7:15 PM
                        
                            1/26/2026 - 5/16/2026
                        
                            WEB CANVAS (ONL)","Ms. Faye P. Merritt 
                            
                        
                            
                            
                            Mr. Kelvin Woods",13 / 24 / 0,3.00000 Credits,"This is an onli
                                 ... 
                                
                                more"
Spring 2026,Open,MATH-132-L001,Mathematical Literacy,1/26/2026-5/16/2026,Main Campus,Lecture,"T, Th 9:30-10:45 AM
                        
                            1/26/2026 - 5/16/2026
                        
                            KC 111 (LEC)",Ms. Mona Kamal,4 / 18 / 0,3.00000 Credits,...
Spring 2026,Open,MATH-132-L003,Mathematical Literacy,1/26/2026-5/16/2026,Main Campus,Lecture,"T, Th 12:30-1:45 PM
                        
                            1/26/2026 - 5/16/2026
                        
                            KC 209 (LEC)",Ms. Mary Ellen D. Henderson,5 / 18 / 0,3.00000 Credits,...
Spring 2026,Open,MATH-132-L005,Mathematical Literacy,1/26/2026-5/16/2026,Main Campus,Lecture,"T, Th 6:30-7:45 PM
                        
                            1/26/2026 - 5/16/2026
                        
                            KC 113 (LEC)",Mr. Kelvin Woods,2 / 18 / 0,3.00000 Credits,...
Spring 2026,Open,MATH-138-001,Statistics,1/26/2026-5/16/2026,Main Campus,Lecture,"M, W, F 8:00-9:20 AM
                        
                            1/26/2026 - 5/16/2026
                        
                            KC 112 (LEC)",Mr. Michael O. Nyagol,2 / 24 / 0,4.00000 Credits,...
Spring 2026,Open,MATH-138-002,Statistics,1/26/2026-5/16/2026,Main Campus,Lecture,"M, W, F 8:00-9:20 AM
                        
                            1/26/2026 - 5/16/2026
                        
                            KC 215 (LEC)",Mr. Lamont D. Vaughan,4 / 24 / 0,4.00000 Credits,...
Spring 2026,Open,MATH-138-003,Statistics,1/26/2026-5/16/2026,Main Campus,Lecture,"M, W, F 9:30-10:50 AM
                        
                            1/26/2026 - 5/16/2026
                        
                            KC 213 (LEC)",Dr. Carol L. Howald,2 / 24 / 0,4.00000 Credits,...
Spring 2026,Open,MATH-138-004,Statistics,1/26/2026-5/16/2026,Main Campus,Lecture,"M, W, F 11:00 AM-12:20 PM
                        
                            1/26/2026 - 5/16/2026
                        
                            KC 213 (LEC)",Dr. Carol L. Howald,1 / 24 / 0,4.00000 Credits,...
Spring 2026,Open,MATH-138-005,Statistics,1/26/2026-5/16/2026,Main Campus,Lecture,"M, W, F 11:00 AM-12:20 PM
                        
                            1/26/2026 - 5/16/2026
                        
                            KC 215 (LEC)",Ms. Mary Ellen D. Henderson,4 / 24 / 0,4.00000 Credits,...
Spring 2026,Open,MATH-138-006,Statistics,1/26/2026-5/16/2026,Main Campus,Lecture,"M, W 10:00-11:50 AM
                        
                            1/26/2026 - 5/16/2026
                        
                            KC 211 (LEC)","Mr. Louis W. Fritz, V",9 / 24 / 0,4.00000 Credits,...
Spring 2026,Open,MATH-138-009,Statistics,1/26/2026-5/16/2026,Main Campus,Lecture,"T, Th 9:00-10:50 AM
                        
                            1/26/2026 - 5/16/2026
                        
                            KC 215 (LEC)",Dr. Carol L. Howald,3 / 24 / 0,4.00000 Credits,...
Spring 2026,Open,MATH-138-010,Statistics,1/26/2026-5/16/2026,Main Campus,Lecture,"T, Th 12:00-1:50 PM
                        
                            1/26/2026 - 5/16/2026
                        
                            KC 335 (LEC)",Ms. Kaitlyn E. Butler,1 / 24 / 0,4.00000 Credits,...
Spring 2026,Open,MATH-138-011,Statistics,1/26/2026-5/16/2026,Main Campus,Lecture,"T, Th 2:00-3:50 PM
                        
                            1/26/2026 - 5/16/2026
                        
                            KC 213 (LEC)",Ms. Anu Rishi,4 / 24 / 0,4.00000 Credits,...
Spring 2026,Open,MATH-138-300,Statistics,1/26/2026-5/16/2026,Scheduled Zoom,Online,"M, W 6:00-7:50 PM
                        
                            1/26/2026 - 5/16/2026
                        
                            WEB CANVAS (ONL)",Ms. Connie B. Mangaoil,2 / 24 / 0,4.00000 Credits,"This is an onli
                                 ... 
                                
                                more"
Spring 2026,Open,MATH-138-301,Statistics,1/26/2026-5/16/2026,Online,Online,"1/26/2026 - 5/16/2026
                        
                             (ONL)",Mr. Todd D. Mateer,5 / 24 / 0,4.00000 Credits,"This is an onli
                                 ... 
                                
                                more"
Spring 2026,Open,MATH-138-302,Statistics,1/26/2026-5/16/2026,Online,Online,"1/26/2026 - 5/16/2026
                        
                             (ONL)",Ms. Anu Rishi,1 / 24 / 0,4.00000 Credits,"This is an onli
                                 ... 
                                
                                more"
Spring 2026,Open,MATH-138-303,Statistics,1/26/2026-5/16/2026,Online,Online,"1/26/2026 - 5/16/2026
                        
                             (ONL)",Ms. Anu Rishi,2 / 24 / 0,4.00000 Credits,"This is an onli
                                 ... 
                                
                                more"
Spring 2026,Open,MATH-138-304,Statistics,1/26/2026-5/16/2026,Online,Online,"1/26/2026 - 5/16/2026
                        
                             (ONL)",Ms. Mona Kamal,3 / 24 / 0,4.00000 Credits,"This is an onli
                                 ... 
                                
                                more"
Spring 2026,Open,MATH-138-305,Statistics,1/26/2026-5/16/2026,Online,Online,"1/26/2026 - 5/16/2026
                        
                             (ONL)",Dr. Hasna Banu,8 / 24 / 0,4.00000 Credits,"This is an onli
                                 ... 
                                
                                more"
Spring 2026,Open,MATH-138-307,Statistics,1/26/2026-5/16/2026,Online,Online,"1/26/2026 - 5/16/2026
                        
                             (ONL)",Mr. William D. Meeks,3 / 24 / 0,4.00000 Credits,"This is an onli
                                 ... 
                                
                                more"
Spring 2026,Open,MATH-138-308,Statistics,1/26/2026-5/16/2026,Online,Online,"1/26/2026 - 5/16/2026
                        
                             (ONL)",Ms. Fariba A. Roozbehi,5 / 24 / 0,4.00000 Credits,"This is an onli
                                 ... 
                                
                                more"
Spring 2026,Open,MATH-138-400,Statistics,1/26/2026-3/14/2026,Online,Online,"1/26/2026 - 3/14/2026
                        
                             (ONL)",Ms. Greta R. Holtackers Cannon,6 / 24 / 0,4.00000 Credits,"This is an onli
                                 ... 
                                
                                more"
Spring 2026,Open,MATH-138-401,Statistics,1/26/2026-3/14/2026,Online,Online,"1/26/2026 - 3/14/2026
                        
                             (ONL)",Anson Xuan,4 / 24 / 0,4.00000 Credits,"This is an onli
                                 ... 
                                
                                more"
Spring 2026,Open,MATH-138-402,Statistics,1/26/2026-3/14/2026,Online,Online,"1/26/2026 - 3/14/2026
                        
                             (ONL)",Ms. Kaitlyn E. Butler,6 / 24 / 0,4.00000 Credits,"This is an onli
                                 ... 
                                
                                more"
Spring 2026,Open,MATH-138-500,Statistics,3/23/2026-5/16/2026,Online,Online,"3/23/2026 - 5/16/2026
                        
                             (ONL)",Ms. Greta R. Holtackers Cannon,2 / 24 / 0,4.00000 Credits,"This is an onli
                                 ... 
                                
                                more"
Spring 2026,Open,MATH-138-501,Statistics,3/23/2026-5/16/2026,Online,Online,"3/23/2026 - 5/16/2026
                        
                             (ONL)",Dr. James N. Gartside,3 / 24 / 0,4.00000 Credits,"This is an onli
                                 ... 
                                
                                more"
Spring 2026,Open,MATH-138-502,Statistics,3/23/2026-5/16/2026,Online,Online,"3/23/2026 - 5/16/2026
                        
                             (ONL)",Ms. Kaitlyn E. Butler,3 / 24 / 0,4.00000 Credits,"This is an onli
                                 ... 
                                
                                more"
Spring 2026,Open,MATH-138-503,Statistics,3/23/2026-5/16/2026,Online,Online,"3/23/2026 - 5/16/2026
                        
                             (ONL)",Anson Xuan,6 / 24 / 0,4.00000 Credits,"This is an onli
                                 ... 
                                
                                more"
Spring 2026,Open,MATH-138-700,Statistics,1/26/2026-3/14/2026,Main Campus,Hybrid 50 (Online)/50 (F2F),"T, Th 10:00-11:50 AM
                        
                            1/26/2026 - 3/14/2026
                        
                            KC 213 (HYB)",Mr. Lamont D. Vaughan,16 / 24 / 0,4.00000 Credits,...
Spring 2026,Open,MATH-138-800,Statistics,3/23/2026-5/16/2026,Main Campus,Hybrid 50 (Online)/50 (F2F),"T, Th 10:00-11:50 AM
                        
                            3/23/2026 - 5/16/2026
                        
                            KC 211 (HYB)",Mr. Lamont D. Vaughan,11 / 24 / 0,4.00000 Credits,...
Spring 2026,Open,MATH-138-L002,Statistics,1/26/2026-5/16/2026,Main Campus,Lecture,"M, W 12:00-1:50 PM
                        
                            1/26/2026 - 5/16/2026
                        
                            KC 211 (LEC)",Ms. Amy S. Curran,4 / 18 / 0,4.00000 Credits,...
Spring 2026,Closed,MATH-138-L004,Statistics,1/26/2026-5/16/2026,Main Campus,Lecture,"M, W 10:00-11:50 AM
                        
                            1/26/2026 - 5/16/2026
                        
                            KC 114 (LEC)",Ms. Greta R. Holtackers Cannon,0 / 18 / 0,4.00000 Credits,...
Spring 2026,Open,MATH-138-L005,Statistics,1/26/2026-5/16/2026,Main Campus,Lecture,"M, W 10:00-11:50 AM
                        
                            1/26/2026 - 5/16/2026
                        
                            KC 111 (LEC)",Dr. Jamshaid A. Shahir,2 / 18 / 0,4.00000 Credits,...
Spring 2026,Open,MATH-138-L007,Statistics,1/26/2026-5/16/2026,Main Campus,Lecture,"M, W 12:00-1:50 PM
                        
                            1/26/2026 - 5/16/2026
                        
                            KC 111 (LEC)",Ms. Allison R. Bell,1 / 18 / 0,4.00000 Credits,...
Spring 2026,Open,MATH-138-L010,Statistics,1/26/2026-5/16/2026,Main Campus,Lecture,"M, W 2:00-3:50 PM
                        
                            1/26/2026 - 5/16/2026
                        
                            KC 111 (LEC)","Mr. Louis W. Fritz, V",1 / 18 / 0,4.00000 Credits,...
Spring 2026,Closed,MATH-138-L013,Statistics,1/26/2026-5/16/2026,Main Campus,Lecture,"T, Th 6:00-7:50 PM
                        
                            1/26/2026 - 5/16/2026
                        
                            KC 111 (LEC)",Shaila Sharmin,0 / 18 / 0,4.00000 Credits,...
Spring 2026,Open,MATH-138-L014,Statistics,1/26/2026-5/16/2026,Main Campus,Lecture,"M, W 6:00-7:50 PM
                        
                            1/26/2026 - 5/16/2026
                        
                            KC 108 (LEC)",Shaila Sharmin,1 / 18 / 0,4.00000 Credits,...
Spring 2026,Open,MATH-141-001,College Algebra,1/26/2026-5/16/2026,Main Campus,Lecture,"M, W 8:00-9:50 AM
                        
                            1/26/2026 - 5/16/2026
                        
                            KC 114 (LEC)",Dr. Gabriel B. Ayine,6 / 24 / 0,4.00000 Credits,...
Spring 2026,Open,MATH-141-002,College Algebra,1/26/2026-5/16/2026,Main Campus,Lecture,"M, W 12:00-1:50 PM
                        
                            1/26/2026 - 5/16/2026
                        
                            KC 114 (LEC)",Dr. Gabriel B. Ayine,3 / 24 / 0,4.00000 Credits,...
Spring 2026,Open,MATH-141-004,College Algebra,1/26/2026-5/16/2026,Main Campus,Lecture,"T, Th 12:00-1:50 PM
                        
                            1/26/2026 - 5/16/2026
                        
                            KC 114 (LEC)",Mr. Joseph C. Stassi,1 / 24 / 0,4.00000 Credits,...
Spring 2026,Open,MATH-141-300,College Algebra,1/26/2026-5/16/2026,Scheduled Zoom,Online,"T, Th 6:00-7:50 PM
                        
                            1/26/2026 - 5/16/2026
                        
                            WEB CANVAS (ONL)",Ms. Anu Rishi,6 / 24 / 0,4.00000 Credits,"This is an onli
                                 ... 
                                
                                more"
Spring 2026,Open,MATH-141-301,College Algebra,1/26/2026-5/16/2026,Online,Online,"1/26/2026 - 5/16/2026
                        
                             (ONL)",Dr. Caroline E. Torcaso,4 / 24 / 0,4.00000 Credits,"This is an onli
                                 ... 
                                
                                more"
Spring 2026,Open,MATH-141-302,College Algebra,1/26/2026-5/16/2026,Online,Online,"1/26/2026 - 5/16/2026
                        
                             (ONL)",Ms. Rehana Yusaf,6 / 24 / 0,4.00000 Credits,"This is an onli
                                 ... 
                                
                                more"
Spring 2026,Open,MATH-141-400,College Algebra,1/26/2026-3/14/2026,Online,Online,"1/26/2026 - 3/14/2026
                        
                             (ONL)",Mr. Guy G. Bunyard,7 / 24 / 0,4.00000 Credits,"This is an onli
                                 ... 
                                
                                more"
Spring 2026,Open,MATH-141-500,College Algebra,3/23/2026-5/16/2026,Online,Online,"3/23/2026 - 5/16/2026
                        
                             (ONL)",Mr. Guy G. Bunyard,6 / 24 / 0,4.00000 Credits,"This is an onli
                                 ... 
                                
                                more"
Spring 2026,Open,MATH-141-501,College Algebra,3/23/2026-5/16/2026,Online,Online,"3/23/2026 - 5/16/2026
                        
                             (ONL)",Mr. William D. Meeks,6 / 24 / 0,4.00000 Credits,"This is an onli
                                 ... 
                                
                                more"
Spring 2026,Closed,MATH-141-L002,College Algebra,1/26/2026-5/16/2026,Main Campus,Lecture,"T, Th 10:00-11:50 AM
                        
                            1/26/2026 - 5/16/2026
                        
                            KC 114 (LEC)",Mr. Michael O. Nyagol,0 / 18 / 0,4.00000 Credits,...
Spring 2026,Open,MATH-141-L003,College Algebra,1/26/2026-5/16/2026,Main Campus,Lecture,"T, Th 12:00-1:50 PM
                        
                            1/26/2026 - 5/16/2026
                        
                            KC 117 (LEC)",Mr. Lamont D. Vaughan,2 / 18 / 0,4.00000 Credits,...
Spring 2026,Open,MATH-141-L004,College Algebra,1/26/2026-5/16/2026,Main Campus,Lecture,"T, Th 2:00-3:50 PM
                        
                            1/26/2026 - 5/16/2026
                        
                            KC 117 (LEC)",Dr. Jamshaid A. Shahir,1 / 18 / 0,4.00000 Credits,...
Spring 2026,Open,MATH-141-L005,College Algebra,1/26/2026-5/16/2026,Main Campus,Lecture,"T, Th 7:00-8:50 PM
                        
                            1/26/2026 - 5/16/2026
                        
                            KC 117 (LEC)",Mr. Eugene Rose,2 / 18 / 0,4.00000 Credits,...
Spring 2026,Open,MATH-141-L006,College Algebra,1/26/2026-5/16/2026,Main Campus,Lecture,"T, Th 12:00-1:50 PM
                        
                            1/26/2026 - 5/16/2026
                        
                            KC 215 (LEC)",Ms. Kimberly A. Triplett,1 / 18 / 0,4.00000 Credits,...
Spring 2026,Open,MATH-143-001,Precalculus I,1/26/2026-5/16/2026,Main Campus,Lecture,"M, W 9:30-10:45 AM
                        
                            1/26/2026 - 5/16/2026
                        
                            KC 112 (LEC)",Mr. John C. Esenwa,7 / 24 / 0,3.00000 Credits,...
Spring 2026,Open,MATH-143-002,Precalculus I,1/26/2026-5/16/2026,Main Campus,Lecture,"M, W 12:30-1:45 PM
                        
                            1/26/2026 - 5/16/2026
                        
                            KC 112 (LEC)",Mr. Roderico De Armas,10 / 24 / 0,3.00000 Credits,...
Spring 2026,Open,MATH-143-005,Precalculus I,1/26/2026-5/16/2026,Main Campus,Lecture,"T, Th 12:30-1:45 PM
                        
                            1/26/2026 - 5/16/2026
                        
                            KC 112 (LEC)",Dr. Caroline E. Torcaso,8 / 24 / 0,3.00000 Credits,...
Spring 2026,Open,MATH-143-100,Precalculus I,1/26/2026-3/14/2026,Main Campus,Lecture,"M, W, F 10:30 AM-12:20 PM
                        
                            1/26/2026 - 3/14/2026
                        
                            KC 115 (LEC)",Mr. Michael Thompson,10 / 24 / 0,3.00000 Credits,...
Spring 2026,Open,MATH-143-300,Precalculus I,1/26/2026-5/16/2026,Scheduled Zoom,Online,"M, W 6:00-7:15 PM
                        
                            1/26/2026 - 5/16/2026
                        
                            WEB CANVAS (ONL)",Ms. Mary De Armas,3 / 24 / 0,3.00000 Credits,"This is an onli
                                 ... 
                                
                                more"
Spring 2026,Open,MATH-143-301,Precalculus I,1/26/2026-5/16/2026,Online,Online,"1/26/2026 - 5/16/2026
                        
                             (ONL)",Dr. Caroline E. Torcaso,11 / 24 / 0,3.00000 Credits,"This is an onli
                                 ... 
                                
                                more"
Spring 2026,Open,MATH-143-L002,Precalculus I,1/26/2026-5/16/2026,Main Campus,Lecture,"T, Th 9:30-10:45 AM
                        
                            1/26/2026 - 5/16/2026
                        
                            KC 203 (LEC)",Dr. Kristy Vernille Blocklin,4 / 18 / 0,3.00000 Credits,...
Spring 2026,Open,MATH-143-L004,Precalculus I,1/26/2026-5/16/2026,Main Campus,Lecture,"T, Th 11:00 AM-12:15 PM
                        
                            1/26/2026 - 5/16/2026
                        
                            KC 112 (LEC)",Dr. Jane H. Wenstrom,2 / 18 / 0,3.00000 Credits,...
Spring 2026,Open,MATH-143-L006,Precalculus I,1/26/2026-5/16/2026,Main Campus,Lecture,"T, Th 12:30-1:45 PM
                        
                            1/26/2026 - 5/16/2026
                        
                            KC 113 (LEC)",Mr. Roderico De Armas,1 / 18 / 0,3.00000 Credits,...
Spring 2026,Open,MATH-143-L010,Precalculus I,1/26/2026-5/16/2026,Main Campus,Lecture,"T, Th 6:30-7:45 PM
                        
                            1/26/2026 - 5/16/2026
                        
                            KC 112 (LEC)",Mr. Rolandrias Bradford,2 / 18 / 0,3.00000 Credits,...
Spring 2026,Open,MATH-145-001,Business Calculus,1/26/2026-5/16/2026,Main Campus,Lecture,"T, Th 9:30-10:45 AM
                        
                            1/26/2026 - 5/16/2026
                        
                            KC 204 (LEC)",Mr. Robert W. Karkoska,13 / 24 / 0,3.00000 Credits,...
Spring 2026,Closed,MATH-145-002,Business Calculus,1/26/2026-5/16/2026,Main Campus,Lecture,"T, Th 12:30-1:45 PM
                        
                            1/26/2026 - 5/16/2026
                        
                            KC 205 (LEC)",Mr. Michael O. Nyagol,0 / 24 / 0,3.00000 Credits,...
Spring 2026,Open,MATH-145-003,Business Calculus,1/26/2026-5/16/2026,Main Campus,Lecture,"M, W 2:00-3:15 PM
                        
                            1/26/2026 - 5/16/2026
                        
                            KC 205 (LEC)",Ms. Rehana Yusaf,6 / 24 / 0,3.00000 Credits,...
Spring 2026,Open,MATH-145-301,Business Calculus,1/26/2026-5/16/2026,Online,Online,"1/26/2026 - 5/16/2026
                        
                             (ONL)",Ms. Rehana Yusaf,2 / 24 / 0,3.00000 Credits,"This is an onli
                                 ... 
                                
                                more"
Spring 2026,Open,MATH-145-401,Business Calculus,1/26/2026-3/14/2026,Online,Online,"1/26/2026 - 3/14/2026
                        
                             (ONL)",Mr. Guy G. Bunyard,8 / 24 / 0,3.00000 Credits,"This is an onli
                                 ... 
                                
                                more"
Spring 2026,Open,MATH-145-501,Business Calculus,3/23/2026-5/16/2026,Online,Online,"3/23/2026 - 5/16/2026
                        
                             (ONL)",Mr. Guy G. Bunyard,6 / 24 / 0,3.00000 Credits,"This is an onli
                                 ... 
                                
                                more"
Spring 2026,Open,MATH-153-001,Precalculus II,1/26/2026-5/16/2026,Main Campus,Lecture,"M, W 12:30-1:45 PM
                        
                            1/26/2026 - 5/16/2026
                        
                            KC 116 (LEC)",Ms. Mona Kamal,4 / 24 / 0,3.00000 Credits,...
Spring 2026,Closed,MATH-153-002,Precalculus II,1/26/2026-5/16/2026,Main Campus,Lecture,"M, W 9:30-10:45 AM
                        
                            1/26/2026 - 5/16/2026
                        
                            KC 113 (LEC)",Mr. Roderico De Armas,0 / 24 / 0,3.00000 Credits,...
Spring 2026,Open,MATH-153-003,Precalculus II,1/26/2026-5/16/2026,Main Campus,Lecture,"T, Th 11:00 AM-12:15 PM
                        
                            1/26/2026 - 5/16/2026
                        
                            KC 115 (LEC)",Mr. Roderico De Armas,2 / 24 / 0,3.00000 Credits,...
Spring 2026,Open,MATH-153-004,Precalculus II,1/26/2026-5/16/2026,Main Campus,Lecture,"T, Th 12:30-1:45 PM
                        
                            1/26/2026 - 5/16/2026
                        
                            KC 115 (LEC)",Mr. A. Vaughn Winchell,1 / 24 / 0,3.00000 Credits,...
Spring 2026,Open,MATH-153-200,Precalculus II,3/23/2026-5/16/2026,Main Campus,Lecture,"M, W, F 10:30 AM-12:20 PM
                        
                            3/23/2026 - 5/16/2026
                        
                            KC 115 (LEC)",Mr. Michael Thompson,15 / 24 / 0,3.00000 Credits,...
Spring 2026,Open,MATH-153-301,Precalculus II,1/26/2026-5/16/2026,Online,Online,"1/26/2026 - 5/16/2026
                        
                             (ONL)",Ms. Christel J. Wohlafka,3 / 24 / 0,3.00000 Credits,"This is an onli
                                 ... 
                                
                                more"
Spring 2026,Open,MATH-153-H601,Precalculus II HN,1/26/2026-5/16/2026,Main Campus,"Lecture
                            
                                Online Discussion","M, W 12:30-1:45 PM
                        
                            1/26/2026 - 5/16/2026
                        
                            KC 116 (LEC)
                        
                            
                        
                            1/26/2026 - 5/16/2026
                        
                             (ONDIS)","Ms. Mona Kamal 
                            
                        
                            
                            
                            Mr. A. Vaughn Winchell",4 / 24 / 0,3.00000 Credits,"This is an Hono
                                 ... 
                                
                                more"
Spring 2026,Open,MATH-181-001,Calculus I,1/26/2026-5/16/2026,Main Campus,Lecture,"M, W, F 8:00-9:20 AM
                        
                            1/26/2026 - 5/16/2026
                        
                            KC 117 (LEC)",Mr. Roderico De Armas,12 / 24 / 0,4.00000 Credits,...
Spring 2026,Closed,MATH-181-002,Calculus I,1/26/2026-5/16/2026,Main Campus,Lecture,"M, W, F 9:30-10:50 AM
                        
                            1/26/2026 - 5/16/2026
                        
                            KC 209 (LEC)",Ms. Mary Ellen D. Henderson,0 / 24 / 0,4.00000 Credits,...
Spring 2026,Open,MATH-181-003,Calculus I,1/26/2026-5/16/2026,Main Campus,Lecture,"M, W 12:00-1:50 PM
                        
                            1/26/2026 - 5/16/2026
                        
                            KC 118 (LEC)",Mr. John C. Esenwa,14 / 24 / 0,4.00000 Credits,...
Spring 2026,Open,MATH-181-004,Calculus I,1/26/2026-5/16/2026,Main Campus,Lecture,"T, Th 10:00-11:50 AM
                        
                            1/26/2026 - 5/16/2026
                        
                            KC 118 (LEC)",Dr. Sunhee Kim,2 / 24 / 0,4.00000 Credits,...
Spring 2026,Open,MATH-181-005,Calculus I,1/26/2026-5/16/2026,Main Campus,Lecture,"T, Th 12:00-1:50 PM
                        
                            1/26/2026 - 5/16/2026
                        
                            KC 118 (LEC)",Dr. Gabriel B. Ayine,12 / 24 / 0,4.00000 Credits,...
Spring 2026,Open,MATH-181-300,Calculus I,1/26/2026-5/16/2026,Scheduled Zoom,Online,"T, Th 2:00-3:50 PM
                        
                            1/26/2026 - 5/16/2026
                        
                            WEB CANVAS (ONL)",Dr. Ahmed Benkhalti,6 / 24 / 0,4.00000 Credits,"This is an onli
                                 ... 
                                
                                more"
Spring 2026,Open,MATH-181-301,Calculus I,1/26/2026-5/16/2026,Online,Online,"1/26/2026 - 5/16/2026
                        
                             (ONL)",Dr. Caroline E. Torcaso,5 / 24 / 0,4.00000 Credits,"This is an onli
                                 ... 
                                
                                more"
Spring 2026,Open,MATH-181-302,Calculus I,1/26/2026-5/16/2026,Online,Online,"1/26/2026 - 5/16/2026
                        
                             (ONL)",Dr. Sunhee Kim,7 / 24 / 0,4.00000 Credits,"This is an onli
                                 ... 
                                
                                more"
Spring 2026,Open,MATH-181-H601,Calculus I HN,1/26/2026-5/16/2026,Main Campus,"Lecture
                            
                                Online Discussion","M, W, F 8:00-9:20 AM
                        
                            1/26/2026 - 5/16/2026
                        
                            KC 117 (LEC)
                        
                            
                        
                            1/26/2026 - 5/16/2026
                        
                             (ONDIS)","Mr. Roderico De Armas 
                            
                        
                            
                            
                            Mr. A. Vaughn Winchell",12 / 24 / 0,4.00000 Credits,"This is an Hono
                                 ... 
                                
                                more"
Spring 2026,Open,MATH-182-001,Calculus II,1/26/2026-5/16/2026,Main Campus,Lecture,"M, W, F 8:00-9:20 AM
                        
                            1/26/2026 - 5/16/2026
                        
                            KC 116 (LEC)",Dr. Jane H. Wenstrom,5 / 24 / 0,4.00000 Credits,...
Spring 2026,Open,MATH-182-002,Calculus II,1/26/2026-5/16/2026,Main Campus,Lecture,"M, W, F 9:30-10:50 AM
                        
                            1/26/2026 - 5/16/2026
                        
                            KC 116 (LEC)",Dr. Jane H. Wenstrom,1 / 24 / 0,4.00000 Credits,...
Spring 2026,Open,MATH-182-003,Calculus II,1/26/2026-5/16/2026,Main Campus,Lecture,"T, Th 10:00-11:50 AM
                        
                            1/26/2026 - 5/16/2026
                        
                            KC 116 (LEC)",Mr. John C. Esenwa,16 / 24 / 0,4.00000 Credits,...
Spring 2026,Open,MATH-182-004,Calculus II,1/26/2026-5/16/2026,Main Campus,Lecture,"T, Th 12:00-1:50 PM
                        
                            1/26/2026 - 5/16/2026
                        
                            KC 116 (LEC)",Mr. John C. Esenwa,16 / 24 / 0,4.00000 Credits,...
Spring 2026,Open,MATH-182-300,Calculus II,1/26/2026-5/16/2026,Scheduled Zoom,Online,"T, Th 8:00-9:50 PM
                        
                            1/26/2026 - 5/16/2026
                        
                            WEB CANVAS (ONL)",Mr. Rolandrias Bradford,1 / 24 / 0,4.00000 Credits,"This is an onli
                                 ... 
                                
                                more"
Spring 2026,Open,MATH-182-301,Calculus II,1/26/2026-5/16/2026,Online,Online,"1/26/2026 - 5/16/2026
(ONL)",Mr. Guy G. Bunyard,6 / 24 / 0,4.00000 Credits,This is an onli ... more
Spring 2026,Open,MATH-182-302,Calculus II,1/26/2026-5/16/2026,Online,Online,"1/26/2026 - 5/16/2026
(ONL)",Dr. Ahmed Benkhalti,3 / 24 / 0,4.00000 Credits,This is an onli ... more
Spring 2026,Open,MATH-182-H002,Calculus II HN,1/26/2026-5/16/2026,Main Campus,"Lecture

Discussion","M, W, F 9:30-10:50 AM
1/26/2026 - 5/16/2026
KC 116 (LEC)
F 11:00-11:50 AM
1/26/2026 - 5/16/2026
KC 116 (DIS)",Dr. Jane H. Wenstrom,1 / 24 / 0,4.00000 Credits,This is an Hono ... more
Spring 2026,Open,MATH-199-300,Introduction to Matlab,1/26/2026-5/16/2026,Scheduled Zoom,Online,"Th 9:00-9:50 AM
1/26/2026 - 5/16/2026
WEB CANVAS (ONL)",Dr. Kenny A. Diaz Eguigure,18 / 24 / 0,1.00000 Credits,This is an onli ... more
Spring 2026,Open,MATH-220-001,Discrete Structures,1/26/2026-5/16/2026,Main Campus,Lecture,"M, W 2:00-3:15 PM
1/26/2026 - 5/16/2026
KC 335 (LEC)",Dr. Carol L. Howald,1 / 25 / 0,3.00000 Credits,
Spring 2026,Open,MATH-220-300,Discrete Structures,1/26/2026-5/16/2026,Online,Online,"1/26/2026 - 5/16/2026
(ONL)",Ms. Debra A. Hensgen,1 / 24 / 0,3.00000 Credits,This is an onli ... more
Spring 2026,Open,MATH-240-001,Calculus III,1/26/2026-5/16/2026,Main Campus,Lecture,"M, W, F 8:00-9:20 AM
1/26/2026 - 5/16/2026
KC 211 (LEC)","Mr. Louis W. Fritz, V",16 / 24 / 0,4.00000 Credits,
Spring 2026,Open,MATH-240-002,Calculus III,1/26/2026-5/16/2026,Main Campus,Lecture,"M, W 6:00-7:50 PM
1/26/2026 - 5/16/2026
KC 211 (LEC)",Dr. Ahmed Benkhalti,2 / 24 / 0,4.00000 Credits,
Spring 2026,Open,MATH-240-H001,Calculus III HN,1/26/2026-5/16/2026,Main Campus,"Lecture

Discussion","M, W, F 8:00-9:20 AM
1/26/2026 - 5/16/2026
KC 211 (LEC)
F 9:30-10:20 AM
1/26/2026 - 5/16/2026
KC 211 (DIS)","Mr. Louis W. Fritz, V",16 / 24 / 0,4.00000 Credits,This is an Hono ... more
Spring 2026,Open,MATH-250-001,Linear Algebra,1/26/2026-5/16/2026,Main Campus,Lecture,"M, W 10:00-11:50 AM
1/26/2026 - 5/16/2026
KC 212 (LEC)",Dr. Sunhee Kim,6 / 24 / 0,4.00000 Credits,
Spring 2026,Open,MATH-250-002,Linear Algebra,1/26/2026-5/16/2026,Main Campus,Lecture,"T, Th 12:00-1:50 PM
1/26/2026 - 5/16/2026
KC 212 (LEC)",Dr. Sunhee Kim,6 / 24 / 0,4.00000 Credits,
Spring 2026,Open,MATH-250-301,Linear Algebra,1/26/2026-5/16/2026,Scheduled Zoom,Online,"M, W 6:00-7:50 PM
1/26/2026 - 5/16/2026
WEB CANVAS (ONL)",Mr. Armando J. Espejo,4 / 24 / 0,4.00000 Credits,This is an onli ... more
Spring 2026,Open,MATH-250-303,Linear Algebra,1/26/2026-5/16/2026,Scheduled Zoom,Online,"T, Th 6:00-7:50 PM
1/26/2026 - 5/16/2026
WEB CANVAS (ONL)",Mr. Armando J. Espejo,16 / 22 / 0,4.00000 Credits,
Spring 2026,Open,MATH-250-H301,Linear Algebra HN,1/26/2026-5/16/2026,Scheduled Zoom,"Online

Online Discussion","M, W 6:00-7:50 PM
1/26/2026 - 5/16/2026
WEB CANVAS (ONL)
1/26/2026 - 5/16/2026
(ONDIS)","Mr. Armando J. Espejo
Mr. Louis W. Fritz, V",4 / 24 / 0,4.00000 Credits,This is an onli ... more
Spring 2026,Open,MATH-250-H303,Linear Algebra HN,1/26/2026-5/16/2026,Scheduled Zoom,Online Discussion,"T, Th 6:00-7:50 PM
1/26/2026 - 5/16/2026
WEB CANVAS (ONDIS)","Mr. Louis W. Fritz, V",16 / 22 / 0,4.00000 Credits,This is an Hono ... more
Spring 2026,Open,MATH-250-H601,Linear Algebra HN,1/26/2026-5/16/2026,Main Campus,"Lecture

Online Discussion","M, W 10:00-11:50 AM
1/26/2026 - 5/16/2026
KC 212 (LEC)
1/26/2026 - 5/16/2026
(ONDIS)","Dr. Sunhee Kim
Mr. Louis W. Fritz, V",6 / 24 / 0,4.00000 Credits,This is an onli ... more
Spring 2026,Open,MATH-250-H602,Linear Algebra HN,1/26/2026-5/16/2026,Main Campus,"Lecture

Online Discussion","T, Th 12:00-1:50 PM
1/26/2026 - 5/16/2026
KC 212 (LEC)
1/26/2026 - 5/16/2026
(ONDIS)","Dr. Sunhee Kim
Mr. Louis W. Fritz, V",6 / 24 / 0,4.00000 Credits,This is an onli ... more
Spring 2026,Open,MATH-260-001,Differential Equations,1/26/2026-5/16/2026,Main Campus,Lecture,"T, Th 8:00-9:15 AM
1/26/2026 - 5/16/2026
KC 118 (LEC)",Dr. Gabriel B. Ayine,2 / 24 / 0,3.00000 Credits,
Spring 2026,Open,MATH-260-300,Differential Equations,1/26/2026-5/16/2026,Scheduled Zoom,Online,"T, Th 8:00-9:15 PM
1/26/2026 - 5/16/2026
WEB CANVAS (ONL)","Dr. David E. Hess, Ph.D.",3 / 24 / 0,3.00000 Credits,This is an onli ... more
Spring 2026,Open,PHYS-101-001,Technical Physical Science,1/26/2026-5/16/2026,Main Campus,Lecture,"M, W 12:30-1:45 PM
                        
                            1/26/2026 - 5/16/2026
                        
                            TCH 111 (LEC)",Pamela McCarville,3 / 24 / 0,4.00000 Credits,...
Spring 2026,Open,PHYS-101-002,Technical Physical Science,1/26/2026-5/16/2026,Main Campus,Lecture,"T, Th 9:30-10:45 AM
                        
                            1/26/2026 - 5/16/2026
                        
                            TCH 303 (LEC)",Dr. Bharathi Subramaniasiva,1 / 24 / 0,4.00000 Credits,...
Spring 2026,Closed,PHYS-101-003,Technical Physical Science,1/26/2026-5/16/2026,Main Campus,Lecture,"T, Th 12:30-1:45 PM
                        
                            1/26/2026 - 5/16/2026
                        
                            TCH 109 (LEC)",Henderika van Huizen,0 / 24 / 0,4.00000 Credits,...
Spring 2026,Open,PHYS-101-004,Tech Physical Sci,1/26/2026-5/16/2026,Main Campus,Lecture,"M, W 11:00 AM-12:15 PM
                        
                            1/26/2026 - 5/16/2026
                        
                            TCH 111 (LEC)",Henderika van Huizen,4 / 24 / 0,4.00000 Credits,...
Spring 2026,Open,PHYS-101-300,Technical Physical Science,1/26/2026-5/16/2026,Online,Online,"1/26/2026 - 5/16/2026
                        
                             (ONL)",Pamela McCarville,4 / 24 / 0,4.00000 Credits,...
Spring 2026,Closed,PHYS-101-301,Technical Physical Science,1/26/2026-5/16/2026,Online,Online,"1/26/2026 - 5/16/2026
                        
                             (ONL)",Dr. Bharathi Subramaniasiva,0 / 24 / 0,4.00000 Credits,...
Spring 2026,Closed,PHYS-101-302,Tech Physical Sci,1/26/2026-5/16/2026,Online,Online,"1/26/2026 - 5/16/2026
                        
                             (ONL)",Dr. Bharathi Subramaniasiva,0 / 24 / 0,4.00000 Credits,...
Spring 2026,Open,PHYS-101L-001,Technical Physical Science Lab,1/26/2026-5/16/2026,Main Campus,Lab,"W 9:00-11:50 AM
                        
                            1/26/2026 - 5/16/2026
                        
                            TCH 154 (LAB)",Pamela McCarville,3 / 24 / 0,0.00000 Credits,...
Spring 2026,Open,PHYS-101L-002,Technical Physical Science Lab,1/26/2026-5/16/2026,Main Campus,Lab,"Th 11:00 AM-1:50 PM
                        
                            1/26/2026 - 5/16/2026
                        
                            TCH 154 (LAB)",Dr. Bharathi Subramaniasiva,1 / 24 / 0,0.00000 Credits,...
Spring 2026,Closed,PHYS-101L-003,Technical Physical Science Lab,1/26/2026-5/16/2026,Main Campus,Lab,"Th 2:00-5:00 PM
                        
                            1/26/2026 - 5/16/2026
                        
                            TCH 154 (LAB)",Henderika van Huizen,0 / 24 / 0,0.00000 Credits,...
Spring 2026,Open,PHYS-101L-004,Tech Physical Sci Lab,1/26/2026-5/16/2026,Main Campus,Lab,"W 1:00-3:50 PM
                        
                            1/26/2026 - 5/16/2026
                        
                            TCH 154 (LAB)",Henderika van Huizen,4 / 24 / 0,0.00000 Credits,...
Spring 2026,Open,PHYS-101L-300,Technical Physical Science Lab,1/26/2026-5/16/2026,Online,Online Lab,"1/26/2026 - 5/16/2026
                        
                             (ONLAB)",Pamela McCarville,4 / 24 / 0,0.00000 Credits,...
Spring 2026,Closed,PHYS-101L-301,Technical Physical Science Lab,1/26/2026-5/16/2026,Online,Online Lab,"1/26/2026 - 5/16/2026
                        
                             (ONLAB)",Dr. Bharathi Subramaniasiva,0 / 24 / 0,0.00000 Credits,...
Spring 2026,Closed,PHYS-101L-302,Tech Physical Sci Lab,1/26/2026-5/16/2026,Online,Online Lab,"1/26/2026 - 5/16/2026
                        
                             (ONLAB)",Dr. Bharathi Subramaniasiva,0 / 24 / 0,0.00000 Credits,...
Spring 2026,Open,PHYS-103-001,Fund. of Physics I,1/26/2026-5/16/2026,Main Campus,Lecture,"T, Th 11:00 AM-12:15 PM
                        
                            1/26/2026 - 5/16/2026
                        
                            TCH 303 (LEC)",Rafael Mendonca,8 / 24 / 0,4.00000 Credits,...
Spring 2026,Open,PHYS-103L-001,Fund of Physics I Lab,1/26/2026-5/16/2026,Main Campus,Lab,"F 9:00-11:50 AM
                        
                            1/26/2026 - 5/16/2026
                        
                            TCH 150 (LAB)",Ms. Radha Venkat,8 / 24 / 0,0.00000 Credits,...
Spring 2026,Open,PHYS-104-001,Fund. of Physics II,1/26/2026-5/16/2026,Main Campus,Lecture,"M, W 9:30-10:45 AM
                        
                            1/26/2026 - 5/16/2026
                        
                            TCH 401 (LEC)",Dr. Anna D. DeJong,13 / 24 / 0,4.00000 Credits,...
Spring 2026,Open,PHYS-104L-001,Fund of Physics II Lab,1/26/2026-5/16/2026,Main Campus,Lab,"W 11:00 AM-1:50 PM
                        
                            1/26/2026 - 5/16/2026
                        
                            TCH 153 (LAB)",Dr. Anna D. DeJong,13 / 24 / 0,0.00000 Credits,...
Spring 2026,Open,PHYS-106-001,Earth and Space Science,1/26/2026-5/16/2026,Main Campus,Lecture,"T, Th 9:30-10:45 AM
                        
                            1/26/2026 - 5/16/2026
                        
                            TCH 160 (LEC)",Ms. Beth Dushman,12 / 23 / 0,4.00000 Credits,"Kits with lab s
                                 ... 
                                
                                more"
Spring 2026,Closed,PHYS-106-002,Earth & Space Sci,1/26/2026-5/16/2026,Main Campus,Lecture,"T, Th 9:30-10:45 AM
                        
                            1/26/2026 - 5/16/2026
                        
                            TCH 160 (LEC)",Ms. Beth Dushman,0 / 1 / 0,4.00000 Credits,"Kits with lab s
                                 ... 
                                
                                more"
Spring 2026,Open,PHYS-106-300,Earth and Space Science,1/26/2026-5/16/2026,Online,Online,"1/26/2026 - 5/16/2026
                        
                             (ONL)",Mr. Derek Raisanen,2 / 24 / 0,4.00000 Credits,"Kits with lab s
                                 ... 
                                
                                more"
Spring 2026,Open,PHYS-106L-001,Earth and Space Science Lab,1/26/2026-5/16/2026,Main Campus,Lab,"T 12:00-2:50 PM
                        
                            1/26/2026 - 5/16/2026
                        
                            TCH 160 (LAB)",Ms. Beth Dushman,12 / 23 / 0,0.00000 Credits,...
Spring 2026,Closed,PHYS-106L-002,Earth & Space Sci Lab,1/26/2026-5/16/2026,Main Campus,Lab,"T 12:00-2:50 PM
                        
                            1/26/2026 - 5/16/2026
                        
                            TCH 160 (LAB)",Ms. Beth Dushman,0 / 1 / 0,0.00000 Credits,"Kits with lab s
                                 ... 
                                
                                more"
Spring 2026,Open,PHYS-106L-300,Earth and Space Science Lab,1/26/2026-5/16/2026,Online,Online Lab,"1/26/2026 - 5/16/2026
                        
                             (ONLAB)",Mr. Derek Raisanen,2 / 24 / 0,0.00000 Credits,"Kits with lab s
                                 ... 
                                
                                more"
Spring 2026,Closed,PHYS-107-300,Physical Science,1/26/2026-5/16/2026,Online,Online,"1/26/2026 - 5/16/2026
                        
                             (ONL)",Dr. Bharathi Subramaniasiva,0 / 24 / 0,4.00000 Credits,...
Spring 2026,Closed,PHYS-107L-300,Physical Science Lab,1/26/2026-5/16/2026,Online,Online Lab,"1/26/2026 - 5/16/2026
                        
                             (ONLAB)",Dr. Bharathi Subramaniasiva,0 / 24 / 0,0.00000 Credits,...
Spring 2026,Open,PHYS-110-001,Gen. Physics I Calculus,1/26/2026-5/16/2026,Main Campus,Lecture,"M, W 9:30-10:45 AM
                        
                            1/26/2026 - 5/16/2026
                        
                            KHH 113 (LEC)",Dr. Mark F. Theiling,3 / 24 / 0,4.00000 Credits,...
Spring 2026,Open,PHYS-110-002,Gen. Physics I Calculus,1/26/2026-5/16/2026,Main Campus,Lecture,"M, W 12:30-1:45 PM
                        
                            1/26/2026 - 5/16/2026
                        
                            TCH 403 (LEC)",Rafael Mendonca,4 / 24 / 0,4.00000 Credits,...
Spring 2026,Open,PHYS-110-003,Gen. Physics I Calculus,1/26/2026-5/16/2026,Main Campus,Lecture,"T, Th 11:00 AM-12:15 PM
                        
                            1/26/2026 - 5/16/2026
                        
                            TCH 401 (LEC)",Dr. Anna D. DeJong,6 / 24 / 0,4.00000 Credits,...
Spring 2026,Open,PHYS-110L-001,Gen Physics I (calculus) Lab,1/26/2026-5/16/2026,Main Campus,Lab,"W 11:00 AM-1:50 PM
                        
                            1/26/2026 - 5/16/2026
                        
                            TCH 150 (LAB)",Dr. Mark F. Theiling,3 / 24 / 0,0.00000 Credits,...
Spring 2026,Open,PHYS-110L-002,Gen Physics I (calculus) Lab,1/26/2026-5/16/2026,Main Campus,Lab,"M 2:00-4:50 PM
1/26/2026 - 5/16/2026
TCH 150 (LAB)",Ms. Radha Venkat,4 / 24 / 0,0.00000 Credits,
Spring 2026,Open,PHYS-110L-003,Gen Physics I (calculus) Lab,1/26/2026-5/16/2026,Main Campus,Lab,"Th 2:00-4:50 PM
1/26/2026 - 5/16/2026
TCH 150 (LAB)",Dr. Anna D. DeJong,6 / 24 / 0,0.00000 Credits,
Spring 2026,Closed,PHYS-111-001,Gen. Physics II Calculus,1/26/2026-5/16/2026,Main Campus,Lecture,"T, Th 9:30-10:45 AM
1/26/2026 - 5/16/2026
TCH 403 (LEC)",Dr. Brendan F. Diamond,0 / 24 / 0,4.00000 Credits,
Spring 2026,Open,PHYS-111-002,Gen. Physics II Calculus,1/26/2026-5/16/2026,Main Campus,Lecture,"T 6:30-9:20 PM
1/26/2026 - 5/16/2026
TCH 401 (LEC)",Dr. Anna D. DeJong,4 / 24 / 0,4.00000 Credits,
Spring 2026,Closed,PHYS-111L-001,Gen Physics II Calculus Lab,1/26/2026-5/16/2026,Main Campus,Lab,"T 11:00 AM-1:50 PM
1/26/2026 - 5/16/2026
TCH 153 (LAB)",Dr. Brendan F. Diamond,0 / 24 / 0,0.00000 Credits,
Spring 2026,Open,PHYS-111L-002,Gen Physics II Calculus Lab,1/26/2026-5/16/2026,Main Campus,Lab,"W 6:30-9:20 PM
1/26/2026 - 5/16/2026
TCH 153 (LAB)",Dr. Boyoung Cha,4 / 24 / 0,0.00000 Credits,
Spring 2026,Open,PHYS-112-001,Gen Physics III Calculus,1/26/2026-5/16/2026,Main Campus,Lecture,"T 2:00-3:50 PM
1/26/2026 - 5/16/2026
TCH 401 (LEC)",Dr. Brendan F. Diamond,3 / 24 / 0,3.00000 Credits,
Spring 2026,Open,PHYS-112L-001,Gen Phys. III (calculus) Lab,1/26/2026-5/16/2026,Main Campus,Lab,"Th 2:00-4:50 PM
1/26/2026 - 5/16/2026
TCH 153 (LAB)",Dr. Brendan F. Diamond,3 / 24 / 0,0.00000 Credits,
Spring 2026,Open,PHYS-120-001,Oceanography,1/26/2026-5/16/2026,Main Campus,Lecture,"M, W 11:00 AM-12:15 PM
1/26/2026 - 5/16/2026
TCH 107 (LEC)",Dr. Lance Jordan,4 / 24 / 0,3.00000 Credits,
Spring 2026,Open,PHYS-120-300,Oceanography,1/26/2026-5/16/2026,Online,Online,"1/26/2026 - 5/16/2026
(ONL)",Ms. Karen Bridges,1 / 24 / 0,3.00000 Credits,
Spring 2026,Open,PHYS-121-001,Oceanography Laboratory,1/26/2026-5/16/2026,Main Campus,Lab,"Th 1:00-3:50 PM
1/26/2026 - 5/16/2026
TCH 160 (LAB)",Ms. Karen Bridges,2 / 24 / 0,1.00000 Credits,This hybrid lab ... more
Spring 2026,Open,CHEM-101-001,Gen. Inorganic Chemistry,1/26/2026-5/16/2026,Main Campus,Lecture,"M, W 9:30-10:45 AM
                        
                            1/26/2026 - 5/16/2026
                        
                            TCH 205 (LEC)",Dr. Roberta A. Brown,5 / 24 / 0,4.00000 Credits,...
Spring 2026,Open,CHEM-101-002,Gen. Inorganic Chemistry,1/26/2026-5/16/2026,Main Campus,Lecture,"M, W 11:00 AM-12:15 PM
                        
                            1/26/2026 - 5/16/2026
                        
                            TCH 205 (LEC)",Dr. Qingyang Liu,1 / 24 / 0,4.00000 Credits,...
Spring 2026,Open,CHEM-101-003,Gen. Inorganic Chemistry,1/26/2026-5/16/2026,Main Campus,Lecture,"M, W 2:00-3:15 PM
                        
                            1/26/2026 - 5/16/2026
                        
                            TCH 205 (LEC)",Dr. Maria M. Escallon,5 / 24 / 0,4.00000 Credits,...
Spring 2026,Open,CHEM-101-004,Gen. Inorganic Chemistry,1/26/2026-5/16/2026,Main Campus,Lecture,"T, Th 9:30-10:45 AM
                        
                            1/26/2026 - 5/16/2026
                        
                            TCH 205 (LEC)",Mr. Wei Xie,1 / 24 / 0,4.00000 Credits,...
Spring 2026,Open,CHEM-101-005,Gen. Inorganic Chemistry,1/26/2026-5/16/2026,Main Campus,Lecture,"T, Th 11:00 AM-12:15 PM
                        
                            1/26/2026 - 5/16/2026
                        
                            TCH 205 (LEC)",Mr. Wei Xie,5 / 24 / 0,4.00000 Credits,...
Spring 2026,Open,CHEM-101-006,Gen. Inorganic Chemistry,1/26/2026-5/16/2026,Main Campus,Lecture,"M 6:30-9:20 PM
                        
                            1/26/2026 - 5/16/2026
                        
                            TCH 205 (LEC)",Mr. Joseph C. Sparenberg,5 / 24 / 0,4.00000 Credits,...
Spring 2026,Open,CHEM-101L-001,Gen Inorganic Chem Lab,1/26/2026-5/16/2026,Main Campus,Lab,"F 9:00-11:50 AM
                        
                            1/26/2026 - 5/16/2026
                        
                            TCH 352 (LAB)",Pamela McCarville,5 / 24 / 0,0.00000 Credits,...
Spring 2026,Open,CHEM-101L-002,Gen Inorganic Chem Lab,1/26/2026-5/16/2026,Main Campus,Lab,"M 2:00-4:50 PM
                        
                            1/26/2026 - 5/16/2026
                        
                            TCH 352 (LAB)","Ms. Alaa M. Mohamed 
                            
                        
                            
                            
                            Ms. Rachel T. Ortiz",1 / 24 / 0,0.00000 Credits,...
Spring 2026,Open,CHEM-101L-003,Gen Inorganic Chem Lab,1/26/2026-5/16/2026,Main Campus,Lab,"M 11:00 AM-1:50 PM
                        
                            1/26/2026 - 5/16/2026
                        
                            TCH 352 (LAB)",Dr. Maria M. Escallon,5 / 24 / 0,0.00000 Credits,...
Spring 2026,Open,CHEM-101L-004,Gen Inorganic Chem Lab,1/26/2026-5/16/2026,Main Campus,Lab,"T 2:00-4:50 PM
                        
                            1/26/2026 - 5/16/2026
                        
                            TCH 352 (LAB)",Mr. Wei Xie,1 / 24 / 0,0.00000 Credits,...
Spring 2026,Open,CHEM-101L-005,Gen Inorganic Chem Lab,1/26/2026-5/16/2026,Main Campus,Lab,"Th 2:00-4:50 PM
                        
                            1/26/2026 - 5/16/2026
                        
                            TCH 352 (LAB)",Mr. Wei Xie,5 / 24 / 0,0.00000 Credits,...
Spring 2026,Open,CHEM-101L-006,Gen Inorganic Chem Lab,1/26/2026-5/16/2026,Main Campus,Lab,"W 6:30-9:20 PM
                        
                            1/26/2026 - 5/16/2026
                        
                            TCH 352 (LAB)","Ms. Alaa M. Mohamed 
                            
                        
                            
                            
                            Ms. Rachel T. Ortiz",5 / 24 / 0,0.00000 Credits,...
Spring 2026,Open,CHEM-102-002,Genl Inorganic Chemistry,1/26/2026-5/16/2026,Main Campus,Lecture,"T, Th 11:00 AM-12:15 PM
                        
                            1/26/2026 - 5/16/2026
                        
                            TCH 209 (LEC)",Dr. Roberta A. Brown,2 / 24 / 0,4.00000 Credits,...
Spring 2026,Open,CHEM-102-003,Genl Inorganic Chemistry,1/26/2026-5/16/2026,Main Campus,Lecture,"T, Th 12:30-1:45 PM
                        
                            1/26/2026 - 5/16/2026
                        
                            TCH 209 (LEC)",Dr. Roberta A. Brown,1 / 24 / 0,4.00000 Credits,...
Spring 2026,Open,CHEM-102-004,Genl Inorganic Chemistry,1/26/2026-5/16/2026,Main Campus,Lecture,"Th 6:30-9:20 PM
                        
                            1/26/2026 - 5/16/2026
                        
                            TCH 209 (LEC)",Dr. Maria M. Escallon,3 / 24 / 0,4.00000 Credits,...
Spring 2026,Open,CHEM-102L-002,Gen Inorganic Chem II Lab,1/26/2026-5/16/2026,Main Campus,Lab,"T 2:00-4:50 PM
                        
                            1/26/2026 - 5/16/2026
                        
                            TCH 350 (LAB)",Dr. Roberta A. Brown,2 / 24 / 0,0.00000 Credits,...
Spring 2026,Open,CHEM-102L-003,Gen Inorganic Chem II Lab,1/26/2026-5/16/2026,Main Campus,Lab,"Th 2:00-4:50 PM
                        
                            1/26/2026 - 5/16/2026
                        
                            TCH 350 (LAB)",Dr. Roberta A. Brown,1 / 24 / 0,0.00000 Credits,...
Spring 2026,Open,CHEM-102L-004,Gen Inorganic Chem II Lab,1/26/2026-5/16/2026,Main Campus,Lab,"T 6:30-9:20 PM
                        
                            1/26/2026 - 5/16/2026
                        
                            TCH 350 (LAB)","Ms. Alaa M. Mohamed 
                            
                        
                            
                            
                            Dr. Roberta A. Brown",3 / 24 / 0,0.00000 Credits,...
Spring 2026,Open,CHEM-103-001,Fund. of General Chem.,1/26/2026-5/16/2026,Main Campus,Lecture,"M, W 9:30-10:45 AM
                        
                            1/26/2026 - 5/16/2026
                        
                            TCH 209 (LEC)",Mr. Joseph C. Sparenberg,4 / 24 / 0,4.00000 Credits,...
Spring 2026,Closed,CHEM-103-002,Fund. of General Chem.,1/26/2026-5/16/2026,Main Campus,Lecture,"T, Th 9:30-10:45 AM
                        
                            1/26/2026 - 5/16/2026
                        
                            TCH 209 (LEC)",Ms. Raluca Milinichik,0 / 24 / 0,4.00000 Credits,...
Spring 2026,Open,CHEM-103-003,Fund. of General Chem.,1/26/2026-5/16/2026,Main Campus,Lecture,"M 6:30-9:20 PM
                        
                            1/26/2026 - 5/16/2026
                        
                            TCH 209 (LEC)",Shelby L. Hollenbeck,3 / 24 / 0,4.00000 Credits,...
Spring 2026,Open,CHEM-103-004,Fund. of General Chem.,1/26/2026-5/16/2026,Main Campus,Lecture,"T 6:30-9:20 PM
                        
                            1/26/2026 - 5/16/2026
                        
                            TCH 205 (LEC)",Ms. Raluca Milinichik,5 / 24 / 0,4.00000 Credits,...
Spring 2026,Open,CHEM-103-005,Fund. of General Chem.,1/26/2026-5/16/2026,Main Campus,Lecture,"T, Th 11:00 AM-12:15 PM
                        
                            1/26/2026 - 5/16/2026
                        
                            KHH 114 (LEC)",Henderika van Huizen,5 / 24 / 0,4.00000 Credits,...
Spring 2026,Open,CHEM-103-600,Fund. of General Chem.,1/26/2026-5/16/2026,Online,Online,"1/26/2026 - 5/16/2026
                        
                             (ONL)",Henderika van Huizen,7 / 24 / 0,4.00000 Credits,...
Spring 2026,Open,CHEM-103-601,Fund. of General Chem.,1/26/2026-5/16/2026,Online,Online,"1/26/2026 - 5/16/2026
                        
                             (ONL)",Mr. Joseph C. Sparenberg,8 / 24 / 0,4.00000 Credits,...
Spring 2026,Open,CHEM-103-602,Fund. of General Chem.,1/26/2026-5/16/2026,Online,Online,"1/26/2026 - 5/16/2026
                        
                             (ONL)",Ms. Raluca Milinichik,10 / 24 / 0,4.00000 Credits,...
Spring 2026,Open,CHEM-103-603,Fund. of General Chem.,1/26/2026-5/16/2026,Online,Online,"1/26/2026 - 5/16/2026
                        
                             (ONL)",Dr. Maria M. Escallon,5 / 24 / 0,4.00000 Credits,...
Spring 2026,Open,CHEM-103-604,Fund of Gen Chem,1/26/2026-5/16/2026,Online,Online,"1/26/2026 - 5/16/2026
                        
                             (ONL)",Ms. Raluca Milinichik,5 / 24 / 0,4.00000 Credits,...
Spring 2026,Open,CHEM-103L-001,Fund of General Chem Lab,1/26/2026-5/16/2026,Main Campus,Lab,"W 11:00 AM-1:50 PM
                        
                            1/26/2026 - 5/16/2026
                        
                            TCH 353 (LAB)",Mr. Daniel Carpenito,4 / 24 / 0,0.00000 Credits,...
Spring 2026,Closed,CHEM-103L-002,Fund of General Chem Lab,1/26/2026-5/16/2026,Main Campus,Lab,"Th 11:00 AM-1:50 PM
                        
                            1/26/2026 - 5/16/2026
                        
                            TCH 353 (LAB)",Mr. Daniel Carpenito,0 / 24 / 0,0.00000 Credits,...
Spring 2026,Open,CHEM-103L-003,Fund of General Chem Lab,1/26/2026-5/16/2026,Main Campus,Lab,"T 6:30-9:20 PM
1/26/2026 - 5/16/2026
TCH 353 (LAB)",Shelby L. Hollenbeck,3 / 24 / 0,0.00000 Credits,
Spring 2026,Open,CHEM-103L-004,Fund of General Chem Lab,1/26/2026-5/16/2026,Main Campus,Lab,"W 6:30-9:20 PM
1/26/2026 - 5/16/2026
TCH 353 (LAB)",Mr. Joseph C. Sparenberg,5 / 24 / 0,0.00000 Credits,
Spring 2026,Open,CHEM-103L-005,Fund of General Chem Lab,1/26/2026-5/16/2026,Main Campus,Lab,"T 2:00-4:50 PM
1/26/2026 - 5/16/2026
TCH 353 (LAB)",Ms. Rachel T. Ortiz,6 / 24 / 0,0.00000 Credits,
Spring 2026,Open,CHEM-103L-600,Fund of General Chem Lab,1/26/2026-5/16/2026,Main Campus,Lab,"Th 8:00-10:50 AM
1/26/2026 - 5/16/2026
TCH 353 (LAB)",Mr. Daniel Carpenito,7 / 24 / 0,0.00000 Credits,
Spring 2026,Open,CHEM-103L-601,Fund of General Chem Lab,1/26/2026-5/16/2026,Main Campus,Lab,"W 8:00-10:50 AM
1/26/2026 - 5/16/2026
TCH 353 (LAB)",Mr. Daniel Carpenito,8 / 24 / 0,0.00000 Credits,
Spring 2026,Open,CHEM-103L-602,Fund of General Chem Lab,1/26/2026-5/16/2026,Main Campus,Lab,"M 6:30-9:20 PM
1/26/2026 - 5/16/2026
TCH 353 (LAB)",Ms. Rachel T. Ortiz,10 / 24 / 0,0.00000 Credits,
Spring 2026,Open,CHEM-103L-603,Fund of General Chem Lab,1/26/2026-5/16/2026,Main Campus,Lab,"T 11:00 AM-1:50 PM
1/26/2026 - 5/16/2026
TCH 353 (LAB)",Ms. Rachel T. Ortiz,6 / 24 / 0,0.00000 Credits,
Spring 2026,Open,CHEM-103L-604,Fund of Gen Chem Lab,1/26/2026-5/16/2026,Main Campus,Lab,"T 8:00-10:50 AM
1/26/2026 - 5/16/2026
TCH 353 (LAB)",Mr. Daniel Carpenito,5 / 24 / 0,0.00000 Credits,
Spring 2026,Open,CHEM-105-001,Chemistry and Society,1/26/2026-5/16/2026,Main Campus,Lecture,"M, W 12:30-1:45 PM
1/26/2026 - 5/16/2026
TCH 205 (LEC)",Ms. Raluca Milinichik,3 / 24 / 0,3.00000 Credits,
Spring 2026,Open,CHEM-105-300,Chemistry and Society,1/26/2026-5/16/2026,Online,Online,"1/26/2026 - 5/16/2026
(ONL)",Ms. Rachel T. Ortiz,3 / 24 / 0,3.00000 Credits,
Spring 2026,Open,CHEM-135-001,Chemistry for Engineers,1/26/2026-5/16/2026,Main Campus,Lecture,"M, W 11:00 AM-12:15 PM
1/26/2026 - 5/16/2026
TCH 303 (LEC)",Mr. Wei Xie,2 / 24 / 0,3.00000 Credits,
Spring 2026,Open,CHEM-135-002,Chemistry for Engineers,1/26/2026-5/16/2026,Main Campus,Lecture,"M, W 12:30-1:45 PM
1/26/2026 - 5/16/2026
TCH 303 (LEC)",Mr. Wei Xie,4 / 24 / 0,3.00000 Credits,
Spring 2026,Open,CHEM-136-001,Chemistry for Engineers Lab,1/26/2026-5/16/2026,Main Campus,Lab,"M 2:00-4:50 PM
1/26/2026 - 5/16/2026
TCH 350 (LAB)",Mr. Wei Xie,3 / 24 / 0,1.00000 Credits,
Spring 2026,Open,CHEM-201-001,Organic Chemistry I,1/26/2026-5/16/2026,Main Campus,Lecture,"T, Th 11:00 AM-12:15 PM
1/26/2026 - 5/16/2026
TCH 203 (LEC)",Dr. Qingyang Liu,2 / 18 / 0,4.00000 Credits,
Spring 2026,Open,CHEM-201-002,Organic Chemistry I,1/26/2026-5/16/2026,Main Campus,Lecture,"Th 6:30-9:20 PM
1/26/2026 - 5/16/2026
TCH 211 (LEC)",Dr. Hany F. Sobhi,4 / 18 / 0,4.00000 Credits,
Spring 2026,Open,CHEM-201-003,Organic Chemistry I,1/26/2026-5/16/2026,Main Campus,Lecture,"M, W 12:30-1:45 PM
1/26/2026 - 5/16/2026
TCH 203 (LEC)",Dr. Qingyang Liu,2 / 18 / 0,4.00000 Credits,
Spring 2026,Open,CHEM-201L-001,Organic Chemistry I Lab,1/26/2026-5/16/2026,Main Campus,Lab,"Th 2:00-4:50 PM
1/26/2026 - 5/16/2026
TCH 450 (LAB)",Dr. Maria M. Escallon,2 / 18 / 0,0.00000 Credits,
Spring 2026,Open,CHEM-201L-002,Organic Chemistry I Lab,1/26/2026-5/16/2026,Main Campus,Lab,"F 6:30-9:20 PM
1/26/2026 - 5/16/2026
TCH 450 (LAB)",Dr. Hany F. Sobhi,4 / 18 / 0,0.00000 Credits,
Spring 2026,Open,CHEM-201L-003,Organic Chemistry I Lab,1/26/2026-5/16/2026,Main Campus,Lab,"W 2:00-4:50 PM
1/26/2026 - 5/16/2026
TCH 450 (LAB)",Dr. Qingyang Liu,2 / 18 / 0,0.00000 Credits,
Spring 2026,Open,CHEM-202-001,Organic Chemistry II,1/26/2026-5/16/2026,Main Campus,Lecture,"M, W 12:30-1:45 PM
1/26/2026 - 5/16/2026
TCH 401 (LEC)",Dr. Hany F. Sobhi,9 / 18 / 0,4.00000 Credits,
Spring 2026,Open,CHEM-202-002,Organic Chemistry II,1/26/2026-5/16/2026,Main Campus,Lecture,"T, Th 12:30-1:45 PM
1/26/2026 - 5/16/2026
TCH 203 (LEC)",Dr. Qingyang Liu,1 / 18 / 0,4.00000 Credits,
Spring 2026,Open,CHEM-202L-001,Organic Chemistry II Lab,1/26/2026-5/16/2026,Main Campus,Lab,"W 2:00-4:50 PM
1/26/2026 - 5/16/2026
TCH 452 (LAB)",Dr. Hany F. Sobhi,9 / 18 / 0,0.00000 Credits,
Spring 2026,Open,CHEM-202L-002,Organic Chemistry II Lab,1/26/2026-5/16/2026,Main Campus,Lab,"Th 2:00-4:50 PM
1/26/2026 - 5/16/2026
TCH 452 (LAB)",Dr. Qingyang Liu,1 / 18 / 0,0.00000 Credits,
